{"loss": {"train": [0.5694074630737305, 0.25668489933013916], "val": [0.24052681028842926, 0.18541964888572693]}, "mean_output": {"train": [0.1410070950255102, 0.08850465029761906], "val": [0.10659636479591836, 0.09703239795918368]}}