{"loss": {"train": [0.6254182457923889, 0.2617548704147339], "val": [0.25078248977661133, 0.20252084732055664]}, "mean_output": {"train": [0.14200785501700677, 0.09038724489795917], "val": [0.10042991071428571, 0.08880073341836735]}}