{"loss": {"train": [0.6254182457923889], "val": [0.25078248977661133]}, "mean_output": {"train": [0.14200785501700677], "val": [0.10042991071428571]}}