{"loss": {"train": [3.544473886489868, 2.6473898887634277, 1.9221343994140625, 1.3752450942993164, 1.0205260515213013, 0.81514972448349, 0.7004718780517578, 0.6348466277122498, 0.5963354706764221, 0.5729712247848511, 0.5577971339225769, 0.5466256141662598, 0.5393694043159485, 0.5317847728729248, 0.5267941951751709, 0.5212032198905945], "val": [3.05132794380188, 2.22636079788208, 1.5900324583053589, 1.1719902753829956, 0.9201478958129883, 0.7765636444091797, 0.6341192722320557, 0.6321297883987427, 0.5889629125595093, 0.6313462853431702, 0.5260797142982483, 0.5385833978652954, 0.5748849511146545, 0.5387665629386902, 0.5049870610237122, 0.5141522884368896]}, "mean_output": {"train": [0.14059551711309523, 0.13216432773304634, 0.13199021959369686, 0.13191341311915392, 0.13198480648118624, 0.1318924896032632, 0.13165720248060162, 0.13125175864291028, 0.13067000209263394, 0.1301024933899341, 0.12959248545121174, 0.12912277782206633, 0.1288588907047194, 0.12872644840162628, 0.12861169483418367, 0.12857424565529335], "val": [0.1359365433036733, 0.13552146484311325, 0.13061374799364384, 0.1344600234013334, 0.13458637775541277, 0.13370886158039993, 0.1333780929785303, 0.13072059334369857, 0.13159507308236665, 0.13113988620280256, 0.13123812566347925, 0.1295226416034727, 0.13110555218633604, 0.13070663090999557, 0.13080771976572178, 0.1303270037391704]}}